"gene1","gene2","pValue","oddsRatio","00","11","01","10","pAdj","Event","pair","event_ratio"
"TP53","GATA3",1.54771884739329e-16,0.106049547272149,453,9,116,332,3.58268251711412e-15,"Mutually_Exclusive","GATA3, TP53","9/448"
"CDH1","TP53",8.1259969513798e-15,0.138156692118824,450,12,329,119,1.75129244641806e-13,"Mutually_Exclusive","CDH1, TP53","12/448"
"PIK3CA","TP53",1.34466088088456e-10,0.384018509873203,314,81,260,255,2.71100984049307e-09,"Mutually_Exclusive","PIK3CA, TP53","81/515"
"MAP3K1","TP53",1.23503997171482e-08,0.178810599198908,494,9,332,75,2.3390908555205e-07,"Mutually_Exclusive","MAP3K1, TP53","9/407"
"BIRC6","MYH9",6.93908441203634e-06,14.2339445360093,862,7,21,20,0.000123912221643507,"Co_Occurence","BIRC6, MYH9","7/41"
"FOXA1","TP53",3.62600113869054e-05,0.0591385250931974,542,1,340,27,0.000612500192346374,"Mutually_Exclusive","FOXA1, TP53","1/367"
"BIRC6","NF1",7.24126891879671e-05,9.25038808792772,851,7,32,20,0.00116045976262768,"Co_Occurence","BIRC6, NF1","7/52"
"NF1","LRP1B",9.35303476462634e-05,8.80204470759218,850,7,21,32,0.00142576749460768,"Co_Occurence","LRP1B, NF1","7/53"
"MYH9","CDH1",0.000190833758823562,4.79612404097308,763,12,119,16,0.00277374649452852,"Co_Occurence","CDH1, MYH9","12/135"
"BIRC6","SPEN",0.000204255266114208,9.35698910580238,857,6,26,21,0.00283687869603067,"Co_Occurence","BIRC6, SPEN","6/47"
"GATA3","PIK3CA",0.000298546665008609,0.447417165401365,477,28,308,97,0.00397003543894429,"Mutually_Exclusive","GATA3, PIK3CA","28/405"
"RUNX1","CDH1",0.000688981898039663,3.45877141020027,753,14,117,26,0.00878803441377126,"Co_Occurence","CDH1, RUNX1","14/143"
"KMT2C","AKAP9",0.00074909006357761,4.75237372237892,805,9,20,76,0.00918002528894131,"Co_Occurence","AKAP9, KMT2C","9/96"
"NF1","MYH9",0.000785817222725397,6.98326581876673,849,6,22,33,0.00926671253213912,"Co_Occurence","MYH9, NF1","6/55"
"AKT1","PIK3CA",0.000822202292988333,0.131670147675252,549,2,334,25,0.00934320787486744,"Mutually_Exclusive","AKT1, PIK3CA","2/359"
"CSMD3","FAT3",0.00099619134606026,5.54444590718607,838,7,34,31,0.010923150724345,"Co_Occurence","CSMD3, FAT3","7/65"
"MYH9","LRP1B",0.00114593215022372,8.07278791759807,859,5,23,23,0.0118286249587341,"Co_Occurence","LRP1B, MYH9","5/46"
"SPEN","NCOR1",0.00115447379597244,5.41731907855114,835,7,43,25,0.0118286249587341,"Co_Occurence","NCOR1, SPEN","7/68"
"ARID1A","SPEN",0.0012466514815695,6.27871432539064,847,6,26,31,0.0121441753122253,"Co_Occurence","ARID1A, SPEN","6/57"
"PIK3CA","MAP3K1",0.00126299423247143,2.11950673298246,535,45,39,291,0.0121441753122253,"Co_Occurence","MAP3K1, PIK3CA","45/330"
"FAT1","AKAP9",0.0013551545565535,7.72959456620244,858,5,24,23,0.0122749506934194,"Co_Occurence","AKAP9, FAT1","5/47"
"LRP1B","AKAP9",0.0013551545565535,7.72959456620244,858,5,24,23,0.0122749506934194,"Co_Occurence","AKAP9, LRP1B","5/47"
"SPEN","KMT2C",0.00165530338030098,4.11897060867969,802,9,76,23,0.0145713325730721,"Co_Occurence","KMT2C, SPEN","9/99"
"GATA3","AKT1",0.00180298870666637,3.91985337766524,768,10,17,115,0.0154365471461163,"Co_Occurence","AKT1, GATA3","10/132"
"CDH1","TBX3",0.00209960236924701,3.30840818251464,756,12,23,119,0.0170417688459965,"Co_Occurence","CDH1, TBX3","12/142"
"SPEN","FAT1",0.00215407958213396,6.84921644393673,855,5,23,27,0.0170417688459965,"Co_Occurence","FAT1, SPEN","5/50"
"SPEN","LRP1B",0.00215407958213396,6.84921644393673,855,5,23,27,0.0170417688459965,"Co_Occurence","LRP1B, SPEN","5/50"
"CDH1","PIK3CA",0.00320745581915935,1.77938825332223,507,64,272,67,0.0247488874935135,"Co_Occurence","CDH1, PIK3CA","64/339"
"BIRC6","PTEN",0.00336589128137233,5.06451999187952,836,6,47,21,0.0253455668778037,"Co_Occurence","BIRC6, PTEN","6/68"
"FAT1","PTEN",0.00409350672427743,4.82931368897414,835,6,47,22,0.0300993141490988,"Co_Occurence","FAT1, PTEN","6/69"
"CSMD3","PTEN",0.00470823613082748,4.04400850368893,826,7,46,31,0.0331268663212408,"Co_Occurence","CSMD3, PTEN","7/77"
"FAT1","CSMD3",0.00471726576414468,5.57085814898157,849,5,33,23,0.0331268663212408,"Co_Occurence","CSMD3, FAT1","5/56"
"AKAP9","ARID1A",0.00490905232474919,5.50582344642836,849,5,32,24,0.0337160187139368,"Co_Occurence","AKAP9, ARID1A","5/56"
"ARID1A","TP53",0.0053627152291967,0.311161760758207,538,6,335,31,0.0360397528843864,"Mutually_Exclusive","ARID1A, TP53","6/366"
"FAT3","FAT1",0.00660112110696703,5.09077884871205,846,5,23,36,0.0425329968232412,"Co_Occurence","FAT1, FAT3","5/59"
"FAT3","MYH9",0.00660112110696703,5.09077884871205,846,5,23,36,0.0425329968232412,"Co_Occurence","FAT3, MYH9","5/59"
"FAT3","PTEN",0.00731195122738584,3.67433265438954,823,7,46,34,0.0461613082536986,"Co_Occurence","FAT3, PTEN","7/80"
"BIRC6","FAT1",0.007736437949612,6.1965119811165,859,4,24,23,0.0469444050340535,"Co_Occurence","BIRC6, FAT1","4/47"
"BIRC6","LRP1B",0.007736437949612,6.1965119811165,859,4,24,23,0.0469444050340535,"Co_Occurence","BIRC6, LRP1B","4/47"
"PTEN","SPEN",0.00821062820548778,4.06924956438172,831,6,26,47,0.0488727869374273,"Co_Occurence","PTEN, SPEN","6/73"
"AKAP9","BIRC6",0.00879211443412173,5.94360318083692,858,4,23,25,0.0497458084619559,"Co_Occurence","AKAP9, BIRC6","4/48"
"MYH9","FAT1",0.00883485558284337,5.93313398027475,858,4,24,24,0.0497458084619559,"Co_Occurence","FAT1, MYH9","4/48"
"LRP1B","FOXA1",0.00883485558284337,5.93313398027475,858,4,24,24,0.0497458084619559,"Co_Occurence","FOXA1, LRP1B","4/48"
"SPEN","PIK3CA",0.00902726387211902,2.58365771182227,561,19,317,13,0.0499295568148177,"Co_Occurence","PIK3CA, SPEN","19/330"
"SPEN","MAP2K4",0.00955688257578271,4.58209725422709,844,5,34,27,0.0519395792162104,"Co_Occurence","MAP2K4, SPEN","5/61"
"MYH9","AKAP9",0.0100316077470498,5.68931000608898,857,4,25,24,0.0535876482214197,"Co_Occurence","AKAP9, MYH9","4/49"
"TP53","MAP2K4",0.0105170153254962,0.352046404462438,537,7,32,334,0.0546869944380118,"Mutually_Exclusive","MAP2K4, TP53","7/366"
"MAP3K1","FOXA1",0.010587402123199,3.47734142642918,805,7,21,77,0.0546869944380118,"Co_Occurence","FOXA1, MAP3K1","7/98"
"KMT2C","FAT1",0.0112920647081381,3.4286268039859,804,7,21,78,0.0573783775820028,"Co_Occurence","FAT1, KMT2C","7/99"
"SPEN","FAT3",0.0118259958291467,4.31840409738886,842,5,36,27,0.0591299791457337,"Co_Occurence","FAT3, SPEN","5/63"
"CDH1","FOXA1",0.0123797673542394,2.94596572556199,760,9,19,122,0.0609240519401547,"Co_Occurence","CDH1, FOXA1","9/141"
"PIK3R1","PIK3CA",0.0136913938120301,0.318710584110342,548,5,331,26,0.0663342723451073,"Mutually_Exclusive","PIK3CA, PIK3R1","5/357"
"SPEN","FOXA1",0.0142448300227827,5.06485559603994,854,4,24,28,0.0664471286345223,"Co_Occurence","FOXA1, SPEN","4/52"
"SPEN","MYH9",0.0142448300227827,5.06485559603994,854,4,24,28,0.0664471286345223,"Co_Occurence","MYH9, SPEN","4/52"
"TP53","AKT1",0.0143525797850568,0.282082572894909,546,4,23,337,0.0664471286345223,"Mutually_Exclusive","AKT1, TP53","4/360"
"KMT2D","LRP1B",0.0158669336872731,4.88548841057767,853,4,24,29,0.0713441262916959,"Co_Occurence","KMT2D, LRP1B","4/53"
"KMT2D","MYH9",0.0158669336872731,4.88548841057767,853,4,24,29,0.0713441262916959,"Co_Occurence","KMT2D, MYH9","4/53"
"AKAP9","SPEN",0.0161179367577149,4.85769664929519,853,4,28,25,0.0714447551317153,"Co_Occurence","AKAP9, SPEN","4/53"
"MAP2K4","PIK3CA",0.0164005616488535,2.29341899801537,557,22,314,17,0.0716807764372969,"Co_Occurence","MAP2K4, PIK3CA","22/331"
"GATA3","NCOR1",0.0176480736881345,2.34365809418271,748,13,37,112,0.0750628802693231,"Co_Occurence","GATA3, NCOR1","13/149"
"ARID1A","NF1",0.0176547894393448,3.84585527993215,839,5,34,32,0.0750628802693231,"Co_Occurence","ARID1A, NF1","5/66"
"MYH9","TBX3",0.019453703816866,4.56110820752512,851,4,31,24,0.0816011066143709,"Co_Occurence","MYH9, TBX3","4/55"
"FAT3","NCOR1",0.0207634882280428,3.20771919821745,825,6,44,35,0.0859415903478594,"Co_Occurence","FAT3, NCOR1","6/79"
"NF1","PTEN",0.0215249061039034,3.18118814517449,824,6,47,33,0.0879285380061415,"Co_Occurence","NF1, PTEN","6/80"
"NF1","KMT2C",0.0228755356392571,2.6570292763658,794,8,77,31,0.0922400630615206,"Co_Occurence","KMT2C, NF1","8/108"
"ARID1A","FAT1",0.023512348703386,4.27504427535955,849,4,24,33,0.0924227543372091,"Co_Occurence","ARID1A, FAT1","4/57"
"ARID1A","MYH9",0.023512348703386,4.27504427535955,849,4,24,33,0.0924227543372091,"Co_Occurence","ARID1A, MYH9","4/57"
"NF1","FAT3",0.0267425663328731,3.40331742194391,835,5,36,34,0.103814310298421,"Co_Occurence","FAT3, NF1","5/70"
"MAP3K1","KMT2C",0.0276521132530084,2.12451935255032,755,14,71,70,0.106028041614296,"Co_Occurence","KMT2C, MAP3K1","14/141"
"FOXA1","PIK3CA",0.028901193785767,2.33937107470301,562,16,320,12,0.109095857309594,"Co_Occurence","FOXA1, PIK3CA","16/332"
"FAT3","BIRC6",0.029317235939086,3.96575847584372,846,4,23,37,0.109095857309594,"Co_Occurence","BIRC6, FAT3","4/60"
"PIK3R1","PTEN",0.0294995198165141,3.32214941625522,831,5,48,26,0.109095857309594,"Co_Occurence","PIK3R1, PTEN","5/74"
"AKAP9","MAP2K4",0.031555692272117,3.85738099589052,846,4,35,25,0.115335132573527,"Co_Occurence","AKAP9, MAP2K4","4/60"
"TP53","FAT3",0.0322541370449363,1.99482006592205,550,22,19,319,0.116525061578527,"Co_Occurence","FAT3, TP53","22/338"
"KMT2C","AKT1",0.0330626980963555,2.90265031165296,804,6,21,79,0.116890024992134,"Co_Occurence","AKT1, KMT2C","6/100"
"FAT3","LRP1B",0.0331032550777724,3.79671409298894,845,4,24,37,0.116890024992134,"Co_Occurence","FAT3, LRP1B","4/61"
"KMT2D","TBX3",0.0338914407024529,3.75476839510634,846,4,31,29,0.118336035972252,"Co_Occurence","KMT2D, TBX3","4/60"
"SPEN","CSMD3",0.0400611749047935,3.53760806742134,844,4,34,28,0.138332786273458,"Co_Occurence","CSMD3, SPEN","4/62"
"CDH1","PTEN",0.0416581328331149,2.03344440356097,739,13,40,118,0.142275043828944,"Co_Occurence","CDH1, PTEN","13/158"
"SPEN","NF1",0.0435473797423947,3.43291374804495,843,4,35,28,0.147119526156739,"Co_Occurence","NF1, SPEN","4/63"
"KMT2D","CSMD3",0.0442399107324421,3.41208084584757,843,4,34,29,0.147860664212708,"Co_Occurence","CSMD3, KMT2D","4/63"
"KMT2C","PIK3CA",0.0452557099931998,1.58782235227433,529,40,296,45,0.149655125638888,"Co_Occurence","KMT2C, PIK3CA","40/341"
"KMT2D","NF1",0.0480488311777028,3.310945334704,842,4,35,29,0.157227850712378,"Co_Occurence","KMT2D, NF1","4/64"
"FOXA1","FAT1",0.0510562719360446,4.10159835206619,857,3,25,25,0.16198055817273,"Co_Occurence","FAT1, FOXA1","3/50"
"LRP1B","FAT1",0.0510562719360446,4.10159835206619,857,3,25,25,0.16198055817273,"Co_Occurence","FAT1, LRP1B","3/50"
"MYH9","FOXA1",0.0510562719360446,4.10159835206619,857,3,25,25,0.16198055817273,"Co_Occurence","FOXA1, MYH9","3/50"
"GATA3","CDH1",0.0554199538141702,0.535062050976032,665,11,120,114,0.172470050999031,"Mutually_Exclusive","CDH1, GATA3","11/234"
"BIRC6","NCOR1",0.0554663684012884,3.15798669081215,837,4,46,23,0.172470050999031,"Co_Occurence","BIRC6, NCOR1","4/69"
"CSMD3","TP53",0.059173016169698,1.90586642526674,551,20,321,18,0.182182931556952,"Co_Occurence","CSMD3, TP53","20/339"
"BIRC6","PIK3R1",0.0601788863843545,3.80697921040776,855,3,28,24,0.183472214586447,"Co_Occurence","BIRC6, PIK3R1","3/52"
"SPEN","TP53",0.0656650119059331,0.456396950374442,544,7,334,25,0.195119473946543,"Mutually_Exclusive","SPEN, TP53","7/359"
"PIK3R1","FAT1",0.0658723344043528,3.65112619739444,854,3,25,28,0.195119473946543,"Co_Occurence","FAT1, PIK3R1","3/53"
"PIK3R1","MYH9",0.0658723344043528,3.65112619739444,854,3,25,28,0.195119473946543,"Co_Occurence","MYH9, PIK3R1","3/53"
"MAP3K1","GATA3",0.0678898672122466,0.457334179087228,707,6,119,78,0.19770779711104,"Mutually_Exclusive","GATA3, MAP3K1","6/197"
"SPEN","GATA3",0.0680114822061977,2.16573915158357,761,8,117,24,0.19770779711104,"Co_Occurence","GATA3, SPEN","8/141"
"BIRC6","KMT2D",0.0702247861298231,3.54533824210565,853,3,30,24,0.202260328714928,"Co_Occurence","BIRC6, KMT2D","3/54"
"AKAP9","PIK3R1",0.0718090921687956,3.50654282754222,853,3,28,26,0.204934623769394,"Co_Occurence","AKAP9, PIK3R1","3/54"
"NF1","CSMD3",0.0743184973066751,2.80851136801626,837,4,34,35,0.210176745776796,"Co_Occurence","CSMD3, NF1","4/69"
"TBX3","TP53",0.0760000197219639,0.482606963765044,542,8,333,27,0.213004539579495,"Mutually_Exclusive","TBX3, TP53","8/360"
"FAT1","KMT2D",0.0767477284229291,3.40011767406706,852,3,30,25,0.213188134508136,"Co_Occurence","FAT1, KMT2D","3/55"
"AKAP9","PTEN",0.0823986517236598,2.71203176053452,832,4,49,25,0.226868534481442,"Co_Occurence","AKAP9, PTEN","4/74"
"TBX3","FOXA1",0.0883793835314678,3.18073829179283,850,3,25,32,0.239121708689036,"Co_Occurence","FOXA1, TBX3","3/57"
"TBX3","LRP1B",0.0883793835314678,3.18073829179283,850,3,25,32,0.239121708689036,"Co_Occurence","LRP1B, TBX3","3/57"
"ARID1A","BIRC6",0.0924539764595107,3.11489946615821,849,3,24,34,0.247998863893538,"Co_Occurence","ARID1A, BIRC6","3/58"
"KMT2C","BIRC6",0.0985972524661146,2.27843376831242,803,5,22,80,0.26222673528222,"Co_Occurence","BIRC6, KMT2C","5/102"
"TP53","KMT2D",0.100436535106886,1.8121393370682,553,17,16,324,0.263407353007965,"Co_Occurence","KMT2D, TP53","17/340"
"ARID1A","LRP1B",0.100726971790246,2.98712455433557,848,3,25,34,0.263407353007965,"Co_Occurence","ARID1A, LRP1B","3/59"
"MAP2K4","AKT1",0.104566331042399,2.93540096396755,847,3,24,36,0.268832425140029,"Co_Occurence","AKT1, MAP2K4","3/60"
"PIK3R1","MAP3K1",0.104938894577049,0,795,0,84,31,0.268832425140029,"Mutually_Exclusive","MAP3K1, PIK3R1","0/115"
"KMT2D","SPEN",0.105382310654891,2.91862967402055,848,3,29,30,0.268832425140029,"Co_Occurence","KMT2D, SPEN","3/59"
"FOXA1","CSMD3",0.107155837806707,2.89859231063048,847,3,35,25,0.271143314288226,"Co_Occurence","CSMD3, FOXA1","3/60"
"PIK3R1","CDH1",0.111736100086585,0.192249750514552,749,1,130,30,0.280462098610906,"Mutually_Exclusive","CDH1, PIK3R1","1/160"
"FAT1","NF1",0.113747309570399,2.81496655339802,846,3,36,25,0.280996318108693,"Co_Occurence","FAT1, NF1","3/61"
"FOXA1","NF1",0.113747309570399,2.81496655339802,846,3,36,25,0.280996318108693,"Co_Occurence","FOXA1, NF1","3/61"
"CSMD3","AKAP9",0.116179014224194,2.78410899082707,846,3,26,35,0.284752485843613,"Co_Occurence","AKAP9, CSMD3","3/61"
"SPEN","CDH1",0.117154591010022,2.04408852932745,755,8,123,24,0.284909024829821,"Co_Occurence","CDH1, SPEN","8/147"
"PTEN","KMT2D",0.119700296544661,2.3276944165475,828,4,29,49,0.288803887545653,"Co_Occurence","KMT2D, PTEN","4/78"
"TBX3","SPEN",0.120604503439065,2.73023894154078,846,3,29,32,0.288803887545653,"Co_Occurence","SPEN, TBX3","3/61"
"AKAP9","NF1",0.1232309577202,2.70377827057671,845,3,36,26,0.292849234125952,"Co_Occurence","AKAP9, NF1","3/62"
"PIK3CA","NF1",0.128713777852654,1.65920279912535,554,19,20,317,0.303424409667378,"Co_Occurence","NF1, PIK3CA","19/337"
"TP53","PIK3R1",0.129622907809904,1.81692257596871,554,16,15,325,0.303424409667378,"Co_Occurence","PIK3R1, TP53","16/340"
"TP53","RUNX1",0.131591127735052,0.543134192708146,539,10,30,331,0.305741467785901,"Mutually_Exclusive","RUNX1, TP53","10/361"
"AKAP9","FAT3",0.137806136240485,2.55568379740133,843,3,38,26,0.317818579890417,"Co_Occurence","AKAP9, FAT3","3/64"
"ARID1A","NCOR1",0.139792657856519,2.17660374308187,827,4,46,33,0.319796978285492,"Co_Occurence","ARID1A, NCOR1","4/79"
"TBX3","PTEN",0.140710670445616,2.17256096759048,826,4,49,31,0.319796978285492,"Co_Occurence","PTEN, TBX3","4/80"
"PIK3R1","NF1",0.143040397490499,2.50512466680151,843,3,36,28,0.321203937404453,"Co_Occurence","NF1, PIK3R1","3/64"
"PTEN","KMT2C",0.143385437657347,1.79939139061714,780,8,77,45,0.321203937404453,"Co_Occurence","KMT2C, PTEN","8/122"
"ARID1A","GATA3",0.148697816429571,1.78112982290056,756,8,117,29,0.329287269157975,"Co_Occurence","ARID1A, GATA3","8/146"
"CSMD3","GATA3",0.150066271427934,0.338578343974004,749,2,123,36,0.329287269157975,"Mutually_Exclusive","CSMD3, GATA3","2/159"
"CSMD3","NCOR1",0.150154994736037,2.11017805340073,826,4,46,34,0.329287269157975,"Co_Occurence","CSMD3, NCOR1","4/80"
"PIK3R1","FAT3",0.159475265008286,2.36791456703544,841,3,38,28,0.34538668444824,"Co_Occurence","FAT3, PIK3R1","3/66"
"MAP2K4","NCOR1",0.160812040279101,2.04752795263586,825,4,46,35,0.34538668444824,"Co_Occurence","MAP2K4, NCOR1","4/81"
"NF1","NCOR1",0.160812040279101,2.04752795263586,825,4,46,35,0.34538668444824,"Co_Occurence","NCOR1, NF1","4/81"
"SPEN","RUNX1",0.16193792083462,2.34804083563035,841,3,37,29,0.345430718503883,"Co_Occurence","RUNX1, SPEN","3/66"
"MYH9","PIK3CA",0.165203248937548,1.73793570384685,560,14,322,14,0.350006883342263,"Co_Occurence","MYH9, PIK3CA","14/336"
"NCOR1","PIK3CA",0.177558996140348,1.48796167814503,547,23,313,27,0.373651086153932,"Co_Occurence","NCOR1, PIK3CA","23/340"
"FAT3","KMT2D",0.182142793339418,2.20506521962231,839,3,30,38,0.380733263669351,"Co_Occurence","FAT3, KMT2D","3/68"
"PIK3CA","FAT3",0.188511603229974,0.614051056324353,544,11,30,325,0.391427747570545,"Mutually_Exclusive","FAT3, PIK3CA","11/355"
"KMT2C","TP53",0.19565186464704,0.71373393355648,510,26,315,59,0.403572328067328,"Mutually_Exclusive","KMT2C, TP53","26/374"
"PIK3R1","KMT2C",0.200326689503722,1.91897874862014,799,5,80,26,0.41050551127812,"Co_Occurence","KMT2C, PIK3R1","5/106"
"PTEN","NCOR1",0.20498930801715,1.87801347138882,812,5,45,48,0.417323509806903,"Co_Occurence","NCOR1, PTEN","5/93"
"ARID1A","MAP2K4",0.207999838014205,2.04927795651802,837,3,36,34,0.42071164646886,"Co_Occurence","ARID1A, MAP2K4","3/70"
"CDH1","KMT2D",0.21062184006262,0.374380573517523,748,2,31,129,0.423275402055104,"Mutually_Exclusive","CDH1, KMT2D","2/160"
"FOXA1","PTEN",0.219788864303572,1.99478523980215,832,3,50,25,0.433337666213667,"Co_Occurence","FOXA1, PTEN","3/75"
"LRP1B","PTEN",0.219788864303572,1.99478523980215,832,3,50,25,0.433337666213667,"Co_Occurence","LRP1B, PTEN","3/75"
"MYH9","PTEN",0.219788864303572,1.99478523980215,832,3,50,25,0.433337666213667,"Co_Occurence","MYH9, PTEN","3/75"
"FOXA1","AKAP9",0.223179148018931,2.43231832163001,855,2,27,26,0.436782777768744,"Co_Occurence","AKAP9, FOXA1","2/53"
"KMT2D","KMT2C",0.224331634662027,1.77762182731961,797,5,80,28,0.436782777768744,"Co_Occurence","KMT2C, KMT2D","5/108"
"CSMD3","PIK3CA",0.22872353683285,0.598473400441536,546,10,326,28,0.442024121653562,"Mutually_Exclusive","CSMD3, PIK3CA","10/354"
"ARID1A","FAT3",0.229852543259852,1.9370072282328,835,3,38,34,0.442024121653562,"Co_Occurence","ARID1A, FAT3","3/72"
"FAT1","TP53",0.23343977566205,0.547238142360119,548,7,334,21,0.446176941250096,"Mutually_Exclusive","FAT1, TP53","7/355"
"PIK3R1","LRP1B",0.246431656757404,2.25975886013827,853,2,26,29,0.468145244599932,"Co_Occurence","LRP1B, PIK3R1","2/55"
"MAP2K4","KMT2C",0.252086821781106,1.8212330973849,792,6,79,33,0.473380399302802,"Co_Occurence","KMT2C, MAP2K4","6/112"
"FAT3","MAP2K4",0.252217076748533,0,830,0,39,41,0.473380399302802,"Mutually_Exclusive","FAT3, MAP2K4","0/80"
"RUNX1","KMT2C",0.257584197095404,1.76557797121566,791,6,79,34,0.479485776530501,"Co_Occurence","KMT2C, RUNX1","6/113"
"LRP1B","GATA3",0.258538730705246,1.7473712990325,763,6,119,22,0.479485776530501,"Co_Occurence","GATA3, LRP1B","6/141"
"BIRC6","CDH1",0.260783025181082,1.73132034599493,758,6,125,21,0.480794662944474,"Co_Occurence","BIRC6, CDH1","6/146"
"TBX3","AKT1",0.278596356769817,2.05823180991705,850,2,25,33,0.510623821059049,"Co_Occurence","AKT1, TBX3","2/58"
"KMT2D","AKAP9",0.283612417577259,2.02890438176807,850,2,27,31,0.516786475177221,"Co_Occurence","AKAP9, KMT2D","2/58"
"FAT1","TBX3",0.293228431634305,1.97702285476906,849,2,33,26,0.531210926873741,"Co_Occurence","FAT1, TBX3","2/59"
"PIK3R1","GATA3",0.296813217942847,0.424180482154442,756,2,123,29,0.534605940098788,"Mutually_Exclusive","GATA3, PIK3R1","2/152"
"NCOR1","MAP3K1",0.309598755431076,0.395612041081923,778,2,82,48,0.550058276944619,"Mutually_Exclusive","MAP3K1, NCOR1","2/130"
"PIK3R1","KMT2D",0.311162357299739,1.8848413958496,848,2,31,29,0.550058276944619,"Co_Occurence","KMT2D, PIK3R1","2/60"
"TBX3","GATA3",0.311529577887391,1.6028370521255,757,7,118,28,0.550058276944619,"Co_Occurence","GATA3, TBX3","7/146"
"CSMD3","BIRC6",0.312433101304543,1.88054662299166,847,2,25,36,0.550058276944619,"Co_Occurence","BIRC6, CSMD3","2/61"
"ARID1A","FOXA1",0.316588511496807,1.85993644254653,847,2,26,35,0.550175803358819,"Co_Occurence","ARID1A, FOXA1","2/61"
"LRP1B","MAP3K1",0.317781544020054,1.66968328054647,802,4,80,24,0.550175803358819,"Co_Occurence","LRP1B, MAP3K1","4/104"
"MYH9","MAP3K1",0.317781544020054,1.66968328054647,802,4,80,24,0.550175803358819,"Co_Occurence","MAP3K1, MYH9","4/104"
"LRP1B","PIK3CA",0.322100506414481,1.4991399100457,559,13,323,15,0.552513687757751,"Co_Occurence","LRP1B, PIK3CA","13/338"
"KMT2C","LRP1B",0.322667993650527,1.64704881619221,801,4,24,81,0.552513687757751,"Co_Occurence","KMT2C, LRP1B","4/105"
"MYH9","CSMD3",0.328223660035146,1.80610690435165,846,2,36,26,0.558963998697456,"Co_Occurence","CSMD3, MYH9","2/62"
"KMT2C","CDH1",0.334205490684802,0.682639208168459,703,9,122,76,0.566066210509489,"Mutually_Exclusive","CDH1, KMT2C","9/198"
"GATA3","FAT3",0.349628357824072,0.483696350616531,747,3,38,122,0.585600339271877,"Mutually_Exclusive","FAT3, GATA3","3/160"
"RUNX1","LRP1B",0.351360203563126,1.70723039289361,844,2,26,38,0.585600339271877,"Co_Occurence","LRP1B, RUNX1","2/64"
"RUNX1","MYH9",0.351360203563126,1.70723039289361,844,2,26,38,0.585600339271877,"Co_Occurence","MYH9, RUNX1","2/64"
"TBX3","MAP3K1",0.36311115417006,1.67816040586093,796,5,79,30,0.601974725082991,"Co_Occurence","MAP3K1, TBX3","5/109"
"TBX3","KMT2C",0.365527676224639,1.65513720302299,795,5,80,30,0.602783107230606,"Co_Occurence","KMT2C, TBX3","5/110"
"PIK3R1","CSMD3",0.37501483409682,1.61388598141499,843,2,36,29,0.615181814463288,"Co_Occurence","CSMD3, PIK3R1","2/65"
"ARID1A","MAP3K1",0.377315862167687,1.56948071169555,794,5,79,32,0.615724318158758,"Co_Occurence","ARID1A, MAP3K1","5/111"
"CSMD3","KMT2C",0.39023187364855,1.49921652021446,792,5,80,33,0.63182019380023,"Co_Occurence","CSMD3, KMT2C","5/113"
"PIK3R1","RUNX1",0.39349134568384,0,839,0,40,31,0.63182019380023,"Mutually_Exclusive","PIK3R1, RUNX1","0/71"
"NCOR1","FOXA1",0.395786985103073,0,832,0,28,50,0.63182019380023,"Mutually_Exclusive","FOXA1, NCOR1","0/78"
"NF1","MAP3K1",0.39578808767941,1.47357844323621,792,5,79,34,0.63182019380023,"Co_Occurence","MAP3K1, NF1","5/113"
"AKT1","PTEN",0.397288537861585,0,830,0,53,27,0.63182019380023,"Mutually_Exclusive","AKT1, PTEN","0/80"
"GATA3","BIRC6",0.403107453227062,1.44441131341027,763,5,22,120,0.637828248776997,"Co_Occurence","BIRC6, GATA3","5/142"
"RUNX1","MAP2K4",0.409454538771947,0,831,0,39,40,0.639809178509656,"Mutually_Exclusive","MAP2K4, RUNX1","0/79"
"FAT1","GATA3",0.410501568931795,0.47497401602922,759,2,123,26,0.639809178509656,"Mutually_Exclusive","FAT1, GATA3","2/149"
"MYH9","GATA3",0.410501568931795,0.47497401602922,759,2,123,26,0.639809178509656,"Mutually_Exclusive","GATA3, MYH9","2/149"
"MAP3K1","CDH1",0.413862349508072,0.692715485397865,704,9,122,75,0.641846075539813,"Mutually_Exclusive","CDH1, MAP3K1","9/197"
"RUNX1","FAT3",0.41884186934626,1.77380958035909,832,3,38,37,0.646360909484969,"Co_Occurence","FAT3, RUNX1","3/75"
"BIRC6","PIK3CA",0.423411106876026,1.37969973729811,559,12,324,15,0.650201331197829,"Co_Occurence","BIRC6, PIK3CA","12/339"
"TBX3","NCOR1",0.434144078301979,1.65046905214764,828,3,47,32,0.6634231025397,"Co_Occurence","NCOR1, TBX3","3/79"
"TP53","NCOR1",0.455143946449637,0.77487360415047,535,16,34,325,0.692128872338256,"Mutually_Exclusive","NCOR1, TP53","16/359"
"PTEN","TP53",0.465919780533384,0.777045690669779,533,17,324,36,0.704590986046074,"Mutually_Exclusive","PTEN, TP53","17/360"
"MAP3K1","PTEN",0.467848414734593,0.575101916566365,776,3,50,81,0.704590986046074,"Mutually_Exclusive","MAP3K1, PTEN","3/131"
"RUNX1","NCOR1",0.478087718688278,1.41914085952425,823,3,47,37,0.716558331367323,"Co_Occurence","NCOR1, RUNX1","3/84"
"CDH1","NF1",0.48653380918757,1.3173546375412,747,7,32,124,0.725736588883607,"Co_Occurence","CDH1, NF1","7/156"
"AKT1","MAP3K1",0.502784982052651,0.370990658609188,800,1,83,26,0.746414759579351,"Mutually_Exclusive","AKT1, MAP3K1","1/109"
"MAP3K1","KMT2D",0.536226014581589,1.37359231112526,797,4,29,80,0.792296120835682,"Co_Occurence","KMT2D, MAP3K1","4/109"
"FAT1","PIK3CA",0.552804667357687,1.29126715809375,558,12,324,16,0.812533161123866,"Co_Occurence","FAT1, PIK3CA","12/340"
"LRP1B","TP53",0.55699945607828,1.26029020111184,553,12,329,16,0.812533161123866,"Co_Occurence","LRP1B, TP53","12/345"
"PTEN","PIK3CA",0.557722761795422,0.796617654826926,538,17,319,36,0.812533161123866,"Mutually_Exclusive","PIK3CA, PTEN","17/355"
"MAP2K4","MAP3K1",0.570416028766468,0.520398798457972,789,2,82,37,0.826542816715344,"Mutually_Exclusive","MAP2K4, MAP3K1","2/119"
"CDH1","AKT1",0.574502720688951,1.36492046605804,757,5,22,126,0.826542816715344,"Co_Occurence","AKT1, CDH1","5/148"
"BIRC6","FOXA1",0.57527380043388,1.21908139430385,856,1,27,26,0.826542816715344,"Co_Occurence","BIRC6, FOXA1","1/53"
"FAT3","KMT2C",0.578206191224856,1.36925580250025,789,5,80,36,0.826953934818158,"Co_Occurence","FAT3, KMT2C","5/116"
"LRP1B","CDH1",0.583685700289531,1.30393106350375,756,5,126,23,0.830987614307419,"Co_Occurence","CDH1, LRP1B","5/149"
"AKAP9","AKT1",0.588275622869577,1.17422647692532,855,1,26,28,0.833723955314027,"Co_Occurence","AKAP9, AKT1","1/54"
"KMT2D","AKT1",0.61947007954557,0,850,0,27,33,0.854006431890393,"Mutually_Exclusive","AKT1, KMT2D","0/60"
"ARID1A","AKT1",0.62181400880775,0,846,0,27,37,0.854006431890393,"Mutually_Exclusive","AKT1, ARID1A","0/64"
"CSMD3","AKT1",0.623160449753452,0,845,0,27,38,0.854006431890393,"Mutually_Exclusive","AKT1, CSMD3","0/65"
"MAP2K4","BIRC6",0.624775346425802,0,844,0,27,39,0.854006431890393,"Mutually_Exclusive","BIRC6, MAP2K4","0/66"
"RUNX1","BIRC6",0.626642135747067,0,843,0,27,40,0.854006431890393,"Mutually_Exclusive","BIRC6, RUNX1","0/67"
"FAT1","MAP2K4",0.627624038271653,0,843,0,39,28,0.854006431890393,"Mutually_Exclusive","FAT1, MAP2K4","0/67"
"FOXA1","MAP2K4",0.627624038271653,0,843,0,39,28,0.854006431890393,"Mutually_Exclusive","FOXA1, MAP2K4","0/67"
"LRP1B","MAP2K4",0.627624038271653,0,843,0,39,28,0.854006431890393,"Mutually_Exclusive","LRP1B, MAP2K4","0/67"
"FAT3","AKT1",0.628744955902055,0,842,0,27,41,0.854006431890393,"Mutually_Exclusive","AKT1, FAT3","0/68"
"RUNX1","FOXA1",0.629915144162354,0,842,0,28,40,0.854006431890393,"Mutually_Exclusive","FOXA1, RUNX1","0/68"
"PIK3R1","MAP2K4",0.638806232845974,0,840,0,39,31,0.860858410692665,"Mutually_Exclusive","MAP2K4, PIK3R1","0/70"
"CDH1","MAP2K4",0.640478657555343,0.66977699743763,744,4,35,127,0.860858410692665,"Mutually_Exclusive","CDH1, MAP2K4","4/162"
"ARID1A","TBX3",0.649084432568367,1.45382785283506,840,2,33,35,0.868689015749956,"Co_Occurence","ARID1A, TBX3","2/68"
"CSMD3","TBX3",0.653636416183546,1.41182449132708,839,2,33,36,0.869955050137989,"Co_Occurence","CSMD3, TBX3","2/69"
"TBX3","MAP2K4",0.65838198194443,1.37208885074186,838,2,37,33,0.869955050137989,"Co_Occurence","MAP2K4, TBX3","2/70"
"TBX3","NF1",0.65838198194443,1.37208885074186,838,2,37,33,0.869955050137989,"Co_Occurence","NF1, TBX3","2/70"
"NCOR1","MYH9",0.663046703828795,1.33605026127032,834,2,26,48,0.870247352276377,"Co_Occurence","MYH9, NCOR1","2/74"
"ARID1A","CSMD3",0.66417277925733,1.328096436741,837,2,36,35,0.870247352276377,"Co_Occurence","ARID1A, CSMD3","2/71"
"AKAP9","NCOR1",0.670400843229357,1.28509843551171,833,2,48,27,0.874740139913044,"Co_Occurence","AKAP9, NCOR1","2/75"
"CSMD3","RUNX1",0.681225126197296,1.21900830151327,834,2,38,36,0.881704469340525,"Co_Occurence","CSMD3, RUNX1","2/74"
"NF1","MAP2K4",0.681381213906357,1.21811901738281,834,2,37,37,0.881704469340525,"Co_Occurence","MAP2K4, NF1","2/74"
"PIK3R1","NCOR1",0.685793216148959,1.19371406302375,831,2,48,29,0.883754144521854,"Co_Occurence","NCOR1, PIK3R1","2/77"
"AKAP9","TP53",0.698497486711424,1.18410422573639,552,12,329,17,0.89642901272,"Co_Occurence","AKAP9, TP53","12/346"
"NCOR1","KMT2D",0.701793548160354,1.11409633969254,829,2,31,48,0.896975393865483,"Co_Occurence","KMT2D, NCOR1","2/79"
"PTEN","MAP2K4",0.721958540587334,0.414756671743372,819,1,38,52,0.916446170485796,"Mutually_Exclusive","MAP2K4, PTEN","1/90"
"TBX3","PIK3CA",0.722892739279196,1.14474911788008,553,14,322,21,0.916446170485796,"Co_Occurence","PIK3CA, TBX3","14/343"
"BIRC6","MAP3K1",0.731530670291445,1.23733881306029,802,3,81,24,0.922982919012938,"Co_Occurence","BIRC6, MAP3K1","3/105"
"PIK3CA","RUNX1",0.7382087087136,1.14565368672843,550,16,24,320,0.922982919012938,"Co_Occurence","PIK3CA, RUNX1","16/344"
"FOXA1","KMT2C",0.739863107880771,1.17051362885981,800,3,82,25,0.922982919012938,"Co_Occurence","FOXA1, KMT2C","3/107"
"MYH9","KMT2C",0.739863107880771,1.17051362885981,800,3,82,25,0.922982919012938,"Co_Occurence","KMT2C, MYH9","3/107"
"AKAP9","MAP3K1",0.7444906424558,1.13941459678596,800,3,81,26,0.925062925516651,"Co_Occurence","AKAP9, MAP3K1","3/107"
"SPEN","MAP3K1",0.760514887799629,0.647417149509292,796,2,82,30,0.941231296781719,"Mutually_Exclusive","MAP3K1, SPEN","2/112"
"ARID1A","KMT2C",0.770447209436133,1.18494734870617,792,4,81,33,0.949762339048487,"Co_Occurence","ARID1A, KMT2C","4/114"
"FAT3","MAP3K1",0.785510430151597,1.06615973866383,789,4,80,37,0.961878657641596,"Co_Occurence","FAT3, MAP3K1","4/117"
"GATA3","FOXA1",0.786431990487768,0.747758014872098,760,3,25,122,0.961878657641596,"Mutually_Exclusive","FOXA1, GATA3","3/147"
"KMT2D","GATA3",0.796275871800868,1.12629768832849,757,5,120,28,0.970121676170648,"Co_Occurence","GATA3, KMT2D","5/148"
"NCOR1","KMT2C",0.803176204274913,1.08326329593419,780,5,80,45,0.972481296759024,"Co_Occurence","KMT2C, NCOR1","5/125"
"MAP2K4","GATA3",0.811013650571424,1.14875297596529,752,6,119,33,0.972481296759024,"Co_Occurence","GATA3, MAP2K4","6/152"
"NF1","GATA3",0.811013650571424,1.14875297596529,752,6,119,33,0.972481296759024,"Co_Occurence","GATA3, NF1","6/152"
"CDH1","CSMD3",0.812801391626287,1.12038994327745,747,6,32,125,0.972481296759024,"Co_Occurence","CDH1, CSMD3","6/157"
"RUNX1","GATA3",0.813772349127951,1.11358991800305,751,6,119,34,0.972481296759024,"Co_Occurence","GATA3, RUNX1","6/153"
"PTEN","GATA3",0.836500855370606,0.791893268886233,738,6,119,47,0.995834351631674,"Mutually_Exclusive","GATA3, PTEN","6/166"
"PIK3CA","AKAP9",0.847241012439387,0.896119317528536,555,10,19,326,1,"Mutually_Exclusive","AKAP9, PIK3CA","10/345"
"ARID1A","PIK3CA",0.863853567024771,0.922413821350057,550,13,323,24,1,"Mutually_Exclusive","ARID1A, PIK3CA","13/347"
"MAP3K1","RUNX1",1,0.789985093018921,789,3,37,81,1,"Mutually_Exclusive","MAP3K1, RUNX1","3/118"
"CSMD3","MAP3K1",1,0.83721744060865,791,3,81,35,1,"Mutually_Exclusive","CSMD3, MAP3K1","3/116"
"FAT1","NCOR1",1,0.6298672235981,833,1,49,27,1,"Mutually_Exclusive","FAT1, NCOR1","1/76"
"LRP1B","NCOR1",1,0.6298672235981,833,1,49,27,1,"Mutually_Exclusive","LRP1B, NCOR1","1/76"
"FOXA1","FAT3",1,0.779812142760284,842,1,40,27,1,"Mutually_Exclusive","FAT3, FOXA1","1/67"
"ARID1A","RUNX1",1,0.594264214266074,834,1,39,36,1,"Mutually_Exclusive","ARID1A, RUNX1","1/75"
"AKAP9","RUNX1",1,0.771249673443902,842,1,39,28,1,"Mutually_Exclusive","AKAP9, RUNX1","1/67"
"PTEN","ARID1A",1,0.921085389339734,822,2,35,51,1,"Mutually_Exclusive","ARID1A, PTEN","2/86"
"RUNX1","KMT2D",1,0.671704344814368,838,1,32,39,1,"Mutually_Exclusive","KMT2D, RUNX1","1/71"
"FAT1","AKT1",1,0,855,0,27,28,1,"Mutually_Exclusive","AKT1, FAT1","0/55"
"FOXA1","AKT1",1,0,855,0,27,28,1,"Mutually_Exclusive","AKT1, FOXA1","0/55"
"LRP1B","AKT1",1,0,855,0,27,28,1,"Mutually_Exclusive","AKT1, LRP1B","0/55"
"MYH9","AKT1",1,0,855,0,27,28,1,"Mutually_Exclusive","AKT1, MYH9","0/55"
"CDH1","ARID1A",1,0.926392781488359,747,5,32,126,1,"Mutually_Exclusive","ARID1A, CDH1","5/158"
"FOXA1","KMT2D",1,0.983813780209266,850,1,32,27,1,"Mutually_Exclusive","FOXA1, KMT2D","1/59"
"TP53","BIRC6",1,0.981004470630971,552,10,17,331,1,"Mutually_Exclusive","BIRC6, TP53","10/348"
"NF1","TP53",1,0.931684151970377,544,14,327,25,1,"Mutually_Exclusive","NF1, TP53","14/352"
"RUNX1","PTEN",1,0.845334221066478,819,2,51,38,1,"Mutually_Exclusive","PTEN, RUNX1","2/89"
"AKT1","NCOR1",1,0.654862665226597,834,1,49,26,1,"Mutually_Exclusive","AKT1, NCOR1","1/75"
"AKT1","RUNX1",1,0.832496751369003,844,1,39,26,1,"Mutually_Exclusive","AKT1, RUNX1","1/65"
"KMT2D","MAP2K4",1,0.69019107693245,839,1,38,32,1,"Mutually_Exclusive","KMT2D, MAP2K4","1/70"
"PIK3R1","ARID1A",1,0.780737992899754,843,1,36,30,1,"Mutually_Exclusive","ARID1A, PIK3R1","1/66"
"BIRC6","TBX3",1,0.960448819838206,849,1,34,26,1,"Mutually_Exclusive","BIRC6, TBX3","1/60"
"PIK3R1","SPEN",1,0.911915344396099,848,1,31,30,1,"Mutually_Exclusive","PIK3R1, SPEN","1/61"
"FOXA1","PIK3R1",1,1.05181390655765,852,1,30,27,1,"Co_Occurence","FOXA1, PIK3R1","1/57"
"GATA3","AKAP9",1,1.00495332425213,760,4,25,121,1,"Co_Occurence","AKAP9, GATA3","4/146"
"TBX3","AKAP9",1,0.889812188801608,847,1,28,34,1,"Mutually_Exclusive","AKAP9, TBX3","1/62"
"MAP3K1","FAT1",1,0.750688585269929,800,2,26,82,1,"Mutually_Exclusive","FAT1, MAP3K1","2/108"
"TP53","MYH9",1,0.924876100967252,551,10,18,331,1,"Mutually_Exclusive","MYH9, TP53","10/349"
"MAP2K4","MYH9",1,0.822768390170336,844,1,27,38,1,"Mutually_Exclusive","MAP2K4, MYH9","1/65"
"PIK3R1","AKT1",1,0,852,0,27,31,1,"Mutually_Exclusive","AKT1, PIK3R1","0/58"
"BIRC6","AKT1",1,0,856,0,27,27,1,"Mutually_Exclusive","AKT1, BIRC6","0/54"
"FAT3","CDH1",1,1.02032179437605,744,6,125,35,1,"Co_Occurence","CDH1, FAT3","6/160"
"GATA3","KMT2C",1,0.927198380179128,711,11,74,114,1,"Mutually_Exclusive","GATA3, KMT2C","11/188"
"TBX3","FAT3",1,0.614214488871076,835,1,40,34,1,"Mutually_Exclusive","FAT3, TBX3","1/74"
"AKT1","NF1",1,0.855396415362419,845,1,38,26,1,"Mutually_Exclusive","AKT1, NF1","1/64"
"MAP2K4","CSMD3",1,0.593419410838969,834,1,37,38,1,"Mutually_Exclusive","CSMD3, MAP2K4","1/75"
"LRP1B","CSMD3",1,0.845986080627879,845,1,37,27,1,"Mutually_Exclusive","CSMD3, LRP1B","1/64"
"PIK3R1","TBX3",1,0.828583995085617,845,1,34,30,1,"Mutually_Exclusive","PIK3R1, TBX3","1/64"
"ARID1A","KMT2D",1,0.730242816553806,841,1,32,36,1,"Mutually_Exclusive","ARID1A, KMT2D","1/68"
"CDH1","FAT1",1,0.990823321750778,755,4,24,127,1,"Mutually_Exclusive","CDH1, FAT1","4/151"
"KMT2D","PIK3CA",1,0.975334210929103,553,12,324,21,1,"Mutually_Exclusive","KMT2D, PIK3CA","12/345"
"NCOR1","CDH1",1,0.966271760089544,736,7,124,43,1,"Mutually_Exclusive","CDH1, NCOR1","7/167"
"AKAP9","CDH1",1,0.949964235935579,754,4,127,25,1,"Mutually_Exclusive","AKAP9, CDH1","4/152"
"NF1","RUNX1",1,0.561714687519976,832,1,39,38,1,"Mutually_Exclusive","NF1, RUNX1","1/77"
"TBX3","RUNX1",1,0.630708369713787,836,1,39,34,1,"Mutually_Exclusive","RUNX1, TBX3","1/73"
"FAT1","RUNX1",1,0.800740117454369,843,1,39,27,1,"Mutually_Exclusive","FAT1, RUNX1","1/66"
"AKT1","SPEN",1,1.05703152282864,852,1,31,26,1,"Co_Occurence","AKT1, SPEN","1/57"
